<wpml-config>
  <admin-texts>
    <key name="current_theme"/>
    <key name="theme_mods_spiko">
      <key name="0"/>
      <key name="nav_menu_locations"/>
      <key name="custom_css_post_id"/>
      <key name="custom_logo"/>
      <key name="header_textcolor"/>
      <key name="home_slider_subtitle"/>
      <key name="home_service_section_discription"/>
      <key name="spiko_service_content"/>
      <key name="spiko_testimonial_content"/>
      <key name="spiko_team_content"/>
      <key name="blog_page_title_option"/>
      <key name="home_slider_title"/>
      <key name="home_slider_discription"/>
      <key name="home_slider_btn_txt"/>
      <key name="home_slider_btn_link"/>
      <key name="home_slider_btn_txt2"/>
      <key name="home_slider_btn_link2"/>
      <key name="home_testimonial_section_discription"/>
      <key name="home_testimonial_section_title"/>
      <key name="home_team_section_discription"/>
      <key name="home_team_section_title"/>
      <key name="home_news_section_discription"/>
      <key name="home_news_section_title"/>
      <key name="home_news_button_title"/>
      <key name="home_blog_more_btn"/>
      <key name="home_blog_more_btn_link"/>
    </key>
  </admin-texts>
</wpml-config>